"id";"name";"gender";"birthday";"telephone";"address"
1;"张三";"M";"1989-08-15";"13829541113";"天河区科韵路1号"
2;"李四";"M";"1990-09-21";"13640338608";"番禺区吉祥路"
3;"王玲AAA";"F";"1995-08-30";"180148798324";"越秀区东风东路20号"
4;"梁海明";"M";"1989-08-15";"15626001565";"长坦路7巷4号"
5;"梁海明SWSCT";"M";"1989-08-15";"15626001565";"长坦路7巷4号"
17;"来自POSTMAN";"M";"1990-06-24";"16575154567";"南沙区东涌墟1号"
18;"来自POSTMAN";"M";"1990-06-24";"16575154567";"南沙区东涌墟1号"
19;"来自POSTMAN";"M";"1990-06-24";"16575154567";"南沙区东涌墟1号"
20;"来自POSTMAN";"M";"1990-06-24";"16575154567";"南沙区东涌墟1号"
21;"来自POSTMAN";"A";"1990-06-24";"16575154567";"南沙区东涌墟1号"
22;"来自POSTMAN";"A";"1990-06-24";"16575154567";"南沙区东涌墟1号"
23;"来自POSTMAN";"A";"1990-06-24";"16575154567";"南沙区东涌墟1号"
24;"来自POSTMAN";"A";"1990-06-24";"16575154567";"南沙区东涌墟1号"
25;"来自POSTMAN";"M";"1990-06-24";"16575154567";"南沙区东涌墟1号"
26;"来自POSTMAN";"M";"1990-06-24";"16575154567";"南沙区东涌墟1号"
27;"来自POSTMAN";"M";"1990-06-24";"16575154567";"南沙区东涌墟1号"
28;"来自POSTMAN";"M";"1990-06-24";"16575154567";"南沙区东涌墟1号"
29;"来自POSTMAN";"M";"1990-06-24";"16575154567";"南沙区东涌墟1号"
30;"来自POSTMAN";"M";"1990-06-24";"16575154567";"南沙区东涌墟1号"
31;"来自POSTMAN";"M";"1990-06-24";"16575154567";"南沙区东涌墟1号"
32;"来自POSTMAN";"M";"1990-06-24";"16575154567";"南沙区东涌墟1号"
33;"来自POSTMAN";"M";"1990-06-24";"16575154567";"南沙区东涌墟1号"
34;"来自POSTMAN";"M";"1990-06-24";"16575154567";"南沙区东涌墟1号"
35;"来自POSTMAN";"M";"1990-06-24";"16575154567";"南沙区东涌墟1号"
36;"来自POSTMAN";"M";"1990-06-24";"16575154567";"南沙区东涌墟1号"
37;"来自POSTMAN";"M";"1990-06-24";"16575154567";"南沙区东涌墟1号"
38;"来自POSTMAN";"M";"1990-06-24";"16575154567";"南沙区东涌墟1号"
39;"来自POSTMAN";"M";"1990-06-24";"16575154567";"南沙区东涌墟1号"
40;"来自POSTMAN";"M";"1990-06-24";"16575154567";"南沙区东涌墟1号"
41;"来自POSTMAN";"M";"1990-06-24";"16575154567";"南沙区东涌墟1号"
42;"来自POSTMAN";"M";"1990-06-24";"16575154567";"南沙区东涌墟1号"
43;"来自POSTMAN";"M";"1990-06-24";"16575154567";"南沙区东涌墟1号"
44;"来自POSTMAN";"M";"1990-06-24";"16575154567";"南沙区东涌墟1号"
45;"来自POSTMAN";"M";"1990-06-24";"16575154567";"南沙区东涌墟1号"
46;"来自POSTMAN";"M";"1990-06-24";"16575154567";"南沙区东涌墟1号"
47;"来自POSTMAN";"M";"1990-06-24";"16575154567";"南沙区东涌墟1号"
